zip,sumtotal
33480,855067.1
59808,773585
72201,603500
93311,489700
89107,345520
74119,293500
92614,273500
10019,265725
59715,265350
90274,257726.75
30041,254755
10022,254430
33140,253740
75219,252770
94062,249250
36124,248500
40513,248500
06880,246000
63376,245250
33139,242400
33511,238800
10017,227250
68131,213000
06840,200950
33402,191600
75225,184670
79101,150000
95014,135331
20006,130000
29302,125000
94118,124755
90210,122910
32789,122610
78669,121365
78801,121100
91101,120150
29601,119400
75205,117880
27408,113955
33483,111720
33432,107750
24202,106750
34108,104115
23229,101000
27330,100500
21212,100000
21230,100000
75033,100000
90212,100000
33160,98755
89052,98710
36255,96400
84103,95120
95441,95000
10974,94400
33496,90470
48047,89910
33309,88800
37419,88800
83340,86580
10014,81500
33487,78775
92660,77635
83002,76220
90049,75840
10021,73245
46544,69650
10178,69500
19807,65650
24016,64400
75201,59800
97055,56615
75220,52035
94105,50500
14610,50300
14604,50000
44135,50000
75251,49800
48230,49545
33418,49125
33410,48600
33469,48050
60611,47680
92014,47000
22066,46615
78232,45250
91324,45000
53147,44675
38113,44400
88201,44400
27858,43835
79765,42477.4
27262,41250
68154,40605
10036,40510
70005,40250
68132,40000
85255,39175
10128,38030
33137,37800
77027,37335
80303,37000
92780,36985
94109,36520
94549,36520
85711,36500
90064,36500
80209,36275
75024,36255
94539,36095
29223,36000
90017,36000
79118,35845
53563,35755
98032,35650
33706,35583.3
90405,35560
53217,35525
06870,35500
10167,35500
10463,35500
19406,35500
49512,35500
72221,35500
76504,35500
90716,35500
43015,35450
02176,35300
44124,34000
07924,32270.31
85253,32270
06378,31241
60044,30675
77062,30067
70301,30005
95036,29900
94108,29874.6
07950,29400
11020,29400
92651,29130
91767,26400
34145,26165
32792,25560
33154,25395
20124,25300
59718,25200
94597,25000
93711,23800
10065,22150
44622,21422.5
31804,20800
65803,20600
07006,20260
19096,20250
98039,20250
77024,20015
46804,20000
47202,19752.7
44281,19650
79705,19600
61615,19075
20817,19000
27834,18800
33756,18355
39441,18150
32963,18100
85018,17825
28117,17645
33146,17250
45243,16727.3
21093,16675
94010,16250
44115,16100
33149,16055
22308,15800
87107,15075
20016,15000
55306,15000
53066,14900
19044,14625
85755,14290
60467,14100
31626,14000
94022,13700
20007,13075
32082,12985
19607,12800
60010,12665
92584,12450
33446,12150
22207,12130
93274,12125
78006,11735
80124,11305
03860,11015
10075,11000
33573,11000
92159,10863.8
28235,10500
96740,10500
60062,10465
75072,10455
85258,10355
33481,10250
99114,10250
28031,10166.78
11725,10015
21045,10000
29810,10000
45729,10000
55804,10000
85269,10000
85712,10000
98498,9970
10028,9899.869999999999
60185,9685
44022,9590
92708,9515
27344,9400
79720,8840
22314,8590
07928,8105
22102,8095
85383,7985
34787,7920
37066,7910
78209,7907
33606,7760
18940,7600
79707,7470
77450,7460
59101,7450
79702,7370
20005,7300
30327,7295
63131,7250
33431,7180
70433,7120
33477,7115
77401,7070
11101,6900
53211,6900
97140,6700
28374,6685
38139,6670
85331,6655
31522,6650
93108,6645
22309,6605
77090,6525
01890,6460
77056,6440
28711,6365.88
93022,6310
91011,6250
95476,6185
49201,6125
49423,6100
63801,6100
79758,6100
74055,6090
92679,6075
91361,6070
10473,6000
63119,6000
96779,6000
22153,5970
32561,5960
75230,5950
34102,5930
22041,5920
78212,5790
11234,5775
87505,5755
93730,5700
79606,5685
55112,5650
07069,5600
22124,5555
32034,5535
75206,5515
33629,5500
59803,5500
77316,5465
79119,5460
21208,5455
21601,5445
46360,5440
35816,5425
37027,5415
38018,5400
53202,5399
80218,5360
98499,5340
79701,5320
55317,5250
89511,5220
33414,5150
30607,5125
50061,5050
93908,5045
78028,5030
07041,5000
19335,5000
21029,5000
21037,5000
21648,5000
33913,5000
35971,5000
44286,5000
46793,5000
51031,5000
53213,5000
59041,5000
59102,5000
59601,5000
59771,5000
60803,5000
70668,5000
76208,5000
80250,5000
80424,5000
90291,5000
93656,5000
96056,5000
99214,5000
94024,4980
95358,4980
92675,4965
85614,4920
07060,4895
77055,4893.33
93923,4815
92663,4810
70420,4800
33109,4750
95403,4695
32162,4680
34110,4655
89519,4650
92705,4645
34242,4640
49456,4634.55
10023,4575
28207,4550
23185,4525
06820,4510
10016,4510
20816,4510
02467,4500
93063,4495
85718,4475
99999,4475
10018,4445
77494,4438.34
12211,4430
02114,4400
22302,4400
80111,4400
93210,4400
93609,4400
80112,4385
54304,4355
94526,4355
32137,4325
70808,4325
78735,4305
22307,4250
33455,4250
60048,4250
33316,4240
06443,4220
94558,4215
33037,4210
75019,4120
28173,4075
75703,4075
30342,4040
87114,4020
76262,4015
32778,4005
18015,4000
35223,4000
45242,3995
92629,3995
34103,3980
75248,3980
80202,3965
30339,3920
87111,3860
76016,3830
20155,3825
34134,3820
37205,3815
45458,3815
76102,3790
98390,3790
30338,3789.78
33957,3775
01773,3750
77479,3750
90275,3740
85234,3735
89509,3690
10305,3680
37069,3665
06902,3660
90024,3636
33921,3620
37064,3615
92807,3611
30305,3575
77406,3575
06831,3534.77
47714,3520
11729,3500
15228,3500
77063,3495
97504,3475
77354,3470
80004,3470
63089,3430
92649,3411.37
20037,3405
34105,3400
88011,3385
80210,3380
77079,3375
35242,3360
46062,3340
83301,3330
98178,3325
32225,3320
85016,3305
03801,3300
15601,3300
30809,3300
77092,3300
66209,3295
78746,3280
33157,3275
47906,3275
60523,3275
06385,3270
32836,3250
76179,3250
23464,3220
73099,3220
91801,3220
10577,3200
22407,3200
70115,3200
80104,3195
94568,3195
30504,3190
92253,3181
90631,3175
88047,3145
21401,3135
70130,3100
34990,3084.18
48071,3080
85266,3075
18938,3070
85298,3070
92067,3065
07960,3060.63
14120,3055
60045,3055
63124,3055
11209,3050
77381,3048
96814,3035
92028,3020
29466,3015
32163,3010
98201,3002.95
31510,3000
33141,3000
38606,3000
43021,3000
60093,3000
73025,3000
94562,3000
76248,2996
60047,2980
90731,2980
30506,2972
11530,2960
60527,2960
33904,2955
60126,2955
92647,2955
33166,2950
08053,2940
33908,2940
37215,2940
78759,2940
34135,2935
33408,2925
44236,2920
30188,2915
95966,2900
37874,2890
31410,2865
36535,2865
43055,2843
34202,2830
85262,2830
62249,2825
97303,2825
48314,2824
57702,2810
75762,2810
06001,2800
44131,2800
77476,2800
85259,2800
90272,2800
77379,2795
90266,2795
80127,2775
21060,2774
47304,2763
07461,2750
53092,2750
75252,2750
76548,2750
83404,2750
94703,2750
78734,2740
92211,2732
76107,2725
92373,2721
86305,2720
96821,2720
02090,2710
76028,2700
10314,2690
11030,2685
92011,2685
59901,2680
77356,2670
95746,2660
49720,2655
49445,2650
54615,2650
10025,2640
78633,2637
80108,2635
32118,2634.55
48306,2630
26554,2625
23188,2610
46526,2605
76087,2595
93454,2595
33525,2590
54016,2589.1
77802,2585
75032,2575
59910,2570
78701,2565
30350,2555
20003,2550
93515,2550
94506,2550
95618,2550
98074,2550
37421,2545
30075,2535
11786,2520
34228,2520
29455,2510
85268,2505
02837,2500
06426,2500
06790,2500
08730,2500
10968,2500
22201,2500
45432,2500
48124,2500
65203,2500
66208,2500
68069,2500
75158,2500
77227,2500
78217,2500
83401,2500
90069,2500
97231,2500
92506,2491
28405,2475
34292,2470
87301,2465
34119,2460
33308,2455
92037,2455
35213,2450
54455,2450
19426,2449
34986,2445
76110,2440
18104,2430
94070,2425
76450,2422
20170,2415
33330,2410
89451,2410
25314,2400
38017,2400
10306,2395
66211,2390
75080,2390
33928,2380
30024,2375
33019,2375
75214,2375
48236,2365
89032,2355
15143,2350
77382,2350
89450,2350
33156,2340
94573,2335
21784,2330
75229,2330
92886,2330
98683,2330
27613,2328
75209,2315
77070,2315
29073,2310.26
94530,2305
32081,2300
74137,2300
92626,2300
48430,2290
11743,2285
65201,2285
85044,2285
95030,2283.63
30022,2280
85377,2280
07470,2275
10536,2275
11758,2270
43235,2267
60134,2265
93306,2264.5
80132,2255
90805,2255
07722,2250
22042,2250
38117,2250
43065,2250
45409,2250
46173,2250
85021,2250
85248,2250
92054,2245
28105,2232
67230,2225
74006,2220
04110,2215
12203,2215
32541,2215
11730,2205
34236,2205
78133,2205
45440,2200
63103,2200
81003,2200
85375,2200
86404,2200
46228,2175
19422,2160
06877,2155
28712,2155
30328,2150
46204,2150
94301,2145
30062,2140
32806,2140
33556,2135
98277,2135
33064,2130
37405,2125
98382,2125
22202,2120
80129,2110
44333,2100
55327,2100
73703,2100
91711,2100
92883,2100
76109,2095
85224,2095
32779,2090
46034,2090
92603,2090
91321,2085.91
76430,2075
44145,2070
76034,2070
30120,2065
77019,2065
77546,2055
91941,2055
95630,2055
19083,2050
29720,2050
33040,2050
68506,2050
77586,2050
84010,2050
91401,2050
89135,2048.94
31792,2045
78231,2045
33458,2040
46142,2040
66207,2040
48302,2035
67401,2030
78130,2030
37934,2025
92691,2025
20165,2020
85650,2020
91209,2020
07666,2010
33409,2010
78628,2010
81620,2010
22030,2005
27517,2005
02135,2000
06721,2000
07417,2000
10471,2000
10918,2000
12309,2000
17961,2000
19481,2000
19512,2000
20009,2000
23103,2000
24153,2000
30175,2000
32067,2000
32159,2000
32505,2000
32540,2000
33304,2000
35244,2000
37315,2000
37738,2000
45036,2000
52101,2000
53818,2000
60091,2000
63077,2000
70818,2000
75063,2000
77429,2000
77587,2000
78505,2000
80122,2000
80540,2000
87402,2000
87935,2000
89434,2000
91207,2000
92075,2000
93007,2000
95954,2000
96782,2000
97038,2000
98296,2000
85395,1995
91105,1991
03060,1987
60137,1975
48170,1970
60423,1970
70002,1970
77018,1970
85215,1970
98926,1970
39110,1955
93953,1955
76712,1950
33301,1945
93012,1945
73132,1943.69
33437,1925
55391,1925
15214,1920
92673,1915
15044,1905
33436,1900
95762,1900
29926,1895
80504,1895
93420,1895
75165,1885
22152,1863.69
30117,1860
48009,1860
76126,1855
11542,1850
19006,1850
34238,1850
57110,1850
76092,1850
78613,1850
89506,1850
49546,1845
65804,1845
70520,1845
32073,1844
11576,1840
19348,1835
77007,1835
89523,1835
37043,1830
95382,1830
80525,1825
85020,1825
53186,1815
78624,1815
22101,1810
49286,1810
90025,1810
04073,1805
30014,1805
92345,1805
03903,1800
19087,1800
32210,1800
34223,1800
44094,1800
80920,1800
82718,1800
85749,1800
92653,1800
32308,1790
76008,1785
80465,1779.28
29575,1777
53005,1775
76063,1775
77357,1775
80403,1775
95667,1775
44114,1770
48178,1770
80121,1770
80123,1770
33647,1767.5
20814,1765
08807,1760
14580,1760
78070,1760
43220,1758
29585,1755
33613,1755
34786,1755
95864,1755
11801,1754.73
10024,1750
20002,1750
20004,1750
34688,1750
35216,1750
51503,1750
78739,1750
71106,1745
78260,1745
32224,1740
55435,1740
44212,1735
77386,1735
78738,1735
30642,1730
33433,1730
92646,1725
95124,1725
18661,1720
28779,1720
30028,1720
80231,1720
98375,1720
83001,1716
63701,1715
11733,1710
76051,1710
40502,1705
44654,1705
91355,1705
15222,1700
89131,1700
97302,1685
98257,1682
48331,1680
89012,1675
90046,1675
34997,1670
53072,1670
62521,1670
97062,1670
32207,1660
45419,1660
77077,1660
40204,1655
31904,1650
33914,1650
48307,1650
63127,1650
72404,1650
85254,1650
94402,1650
30721,1645
34104,1645
90803,1645
95688,1645
32507,1640
98367,1635
99362,1630
33324,1625
68847,1625
98188,1625
15317,1620
34120,1620
76513,1620
17543,1615.5
14221,1615
28012,1615
32940,1615
32801,1612
29464,1610
48323,1610
60459,1610
94595,1607.5
08844,1605
30115,1605
30127,1605
60103,1605
85207,1605
33405,1600
79124,1600
90732,1600
70810,1595
32746,1590
77041,1590
95003,1585
98642,1585
95822,1580
85742,1575
93921,1575
34293,1570
33009,1565
91108,1565
20118,1560
79912,1560
83835,1560
85739,1560
02043,1555
48081,1555
85365,1555
91352,1555
97381,1555
27526,1550
32256,1550
33435,1550
34983,1550
55337,1550
68723,1550
73012,1550
95252,1550
92625,1545
47150,1540
78641,1539.55
32405,1535
68901,1530
80537,1527.3
18411,1525
20854,1525
30052,1525
80301,1525
44256,1520
68516,1520
75087,1520
17331,1517.28
07726,1515
30097,1515
58833,1515
77459,1515
77713,1515
07001,1510
77347,1510
44216,1505
11021,1504.09
33129,1502
04544,1500
07446,1500
10307,1500
19106,1500
19380,1500
20001,1500
23838,1500
27260,1500
30517,1500
34114,1500
35125,1500
37923,1500
38372,1500
46038,1500
47630,1500
48346,1500
53406,1500
53597,1500
57717,1500
63122,1500
66514,1500
74135,1500
75010,1500
75093,1500
77539,1500
79413,1500
94114,1500
97401,1500
97739,1500
98033,1500
98230,1500
98290,1500
99337,1500
99338,1500
11566,1495
11559,1490
29910,1490
76116,1490
33467,1485
70471,1485
95037,1485
19707,1475
76904,1475
30040,1470
31404,1470
33715,1470
45230,1470
78023,1470
84770,1470
90740,1470
48420,1465
92683,1465
11968,1460
19958,1460
29576,1460
40601,1460
55308,1460
92672,1460
07728,1455
52302,1455
92354,1455
94945,1455
98837,1455
15068,1450
22901,1450
32312,1450
32459,1450
33325,1450
48640,1450
84067,1450
84790,1450
85194,1450
89134,1450
92399,1450
17033,1445
33134,1445
36830,1445
78132,1445
82414,1445
92504,1445
02061,1440
33919,1440
34113,1440
34229,1440
99352,1440
02301,1435
40047,1430.3
37343,1430
77005,1430
77373,1430
89701,1430
76550,1425
85658,1425
11771,1420
33062,1420
33917,1420
33950,1415
91364,1415
94588,1410
98685,1410
94550,1405
99603,1405
20008,1401
07869,1400
19342,1400
20833,1400
30319,1400
33473,1400
39401,1400
82941,1400
24460,1395
35801,1395
74136,1395
78015,1390
14830,1385
34109,1380
33618,1375
36116,1375
31406,1370
37415,1370
73072,1370
12866,1368.69
73013,1365
77338,1365
32092,1360
32724,1360
80113,1360
98662,1360
36330,1359
43017,1355
44107,1355
02481,1350
31202,1350
35504,1350
48138,1350
60448,1350
60540,1350
65809,1350
75231,1350
78245,1350
80526,1350
87544,1350
90402,1350
93657,1350
22032,1348.39
60004,1345
82901,1345
45662,1343.34
35243,1340
03253,1335
34952,1335
44720,1335
23233,1330
44024,1330
77532,1330
90004,1330
94553,1330
35226,1326
01453,1325
34996,1325
61802,1325
94939,1325
81658,1323
10804,1320
33823,1320
60521,1320
75240,1320
80234,1320
81601,1320
93065,1315
06002,1310
08759,1305
20120,1305
28226,1305
60031,1305
78703,1305
08330,1300
18901,1300
28603,1300
29841,1300
33872,1300
44903,1300
46220,1300
66614,1300
75605,1300
76049,1300
78726,1300
78733,1300
82935,1300
87109,1300
37922,1295
80634,1295
80906,1295
20194,1290
29621,1290
48357,1290
93924,1290
22025,1285
32967,1285
33143,1285
54115,1285
77573,1285
33176,1280
73096,1280
98532,1280
06903,1275
34285,1275
37769,1275
58501,1275
70570,1275
78401,1275
76244,1271
12831,1270
35209,1270
38655,1270
44116,1270
46037,1270
48324,1270
60090,1270
85028,1270
89117,1270
93405,1270
93940,1270
99203,1270
20906,1265
97034,1265
99508,1265
19020,1260
27012,1260
32550,1260
38103,1260
60015,1260
85296,1260
98109,1260
53916,1258
95070,1257
06473,1255
33549,1255
47201,1255
51106,1255
68022,1255
90278,1255
01040,1250
02459,1250
06488,1250
07920,1250
08628,1250
11568,1250
13126,1250
13460,1250
19081,1250
21209,1250
21236,1250
24112,1250
29560,1250
30329,1250
30656,1250
31902,1250
32127,1250
32750,1250
33880,1250
34689,1250
37130,1250
39705,1250
40299,1250
43040,1250
44039,1250
44718,1250
45039,1250
45044,1250
45246,1250
46032,1250
46321,1250
47401,1250
48348,1250
49685,1250
54313,1250
55347,1250
55902,1250
56308,1250
65775,1250
70001,1250
73018,1250
73750,1250
75028,1250
76033,1250
76103,1250
77009,1250
84004,1250
86327,1250
89015,1250
91360,1250
92120,1250
92592,1250
93611,1250
95361,1250
98248,1250
99556,1250
70065,1248.19
30318,1245
49202,1245
70508,1245
77320,1245
83616,1245
21146,1240
43402,1240
55734,1240
77901,1240
27608,1235
33809,1235
38583,1235
45701,1235
64804,1235
78261,1235
88220,1235
80226,1233.77
94707,1231
07601,1230
11772,1230
34112,1230
37129,1230
46260,1225
48304,1225
84109,1225
27615,1224.38
15237,1220
19438,1220
32958,1220
36561,1220
37876,1220
46517,1220
77905,1220
85351,1220
90265,1220
92562,1220
92618,1220
93309,1220
95831,1220
01984,1215
94563,1215
28219,1210
28461,1210
32168,1210
35758,1210
60051,1210
75089,1210
80020,1210
84066,1210
50266,1209
23669,1205
32309,1205
80138,1205
93636,1205
10470,1200
30110,1200
31405,1200
84121,1200
85251,1200
87123,1200
92270,1200
96769,1200
62467,1195
07458,1190
28403,1190
49083,1190
07090,1185
19490,1185
46845,1185
11230,1180
24014,1180
48315,1180
52577,1180
91776,1180
19067,1175
32408,1175
70360,1175
32579,1170
50322,1170
76132,1170
90077,1170
93117,1170
02540,1165
16508,1165
63141,1165
77845,1165
11040,1160
36109,1160
38053,1160
48169,1160
92009,1160
98331,1160
33884,1155
80503,1155
28562,1150
46033,1150
53158,1150
75901,1150
92630,1150
92866,1150
99019,1150
99223,1150
28715,1145
33158,1145
45840,1145
55343,1145
79109,1145
91344,1140
47331,1139
73505,1137
14559,1136
27265,1130
55356,1130
34274,1125
89129,1125
22205,1120
33707,1120
45133,1120
48105,1120
60610,1120
77013,1120
80528,1120
98136,1120
60123,1115
64086,1115
77657,1115
01886,1110
01930,1110
06033,1110
18045,1110
18944,1110
36532,1110
42171,1110
46307,1110
49676,1105
61108,1105
06019,1100
10709,1100
18914,1100
21722,1100
22315,1100
27865,1100
27889,1100
28101,1100
28466,1100
29566,1100
30633,1100
30830,1100
33130,1100
33434,1100
37076,1100
38344,1100
39560,1100
43212,1100
48085,1100
60558,1100
68351,1100
68436,1100
72015,1100
73101,1100
75803,1100
77505,1100
79738,1100
83642,1100
85119,1100
88221,1100
89102,1100
91350,1100
91702,1100
92799,1100
95367,1100
96826,1100
32250,1095
37204,1095
65742,1095
95993,1095
64477,1090
72116,1090
92065,1086.67
48309,1085
96001,1085
96816,1085
15238,1080
36360,1080
10573,1075
27614,1075
92648,1075
93536,1075
79772,1070
81001,1070
21157,1065
91354,1065
11357,1062.5
01772,1060
15090,1060
50156,1060
68955,1060
93257,1060
46952,1055
92026,1055
95687,1055
45322,1053
13820,1050
23454,1050
29483,1050
32086,1050
33412,1050
33449,1050
33993,1050
44060,1050
45244,1050
45381,1050
53029,1050
55021,1050
58801,1050
65049,1050
77068,1050
91387,1050
92056,1050
95959,1050
96825,1050
98332,1050
17013,1045
30189,1045
48161,1045
75965,1045
92019,1045
98006,1045
06830,1040
13082,1040
32413,1040
29803,1035
64079,1035
77590,1035
80237,1035
85302,1035
92130,1035
93403,1035
02818,1030
15213,1030
32907,1030
43140,1030
84020,1030
04084,1026
20815,1025.05
00729,1025
58104,1025
60025,1025
75244,1025
80135,1025
91733,1025
92867,1022
33090,1020
37918,1020
45122,1020
38016,1016
22192,1015
53020,1015
62025,1015
75006,1015
75074,1015
85396,1015
90808,1015
92260,1015
08853,1010
19063,1010
19503,1010
23226,1010
30326,1010
31545,1010
44108,1010
78257,1010
81632,1010
94559,1010
11940,1005
13088,1005
53168,1005
60614,1005
75039,1005
93010,1005
01240,1000
02420,1000
02539,1000
02601,1000
02649,1000
03750,1000
03753,1000
04217,1000
07435,1000
07450,1000
07738,1000
08302,1000
08502,1000
08804,1000
10309,1000
10580,1000
10583,1000
10987,1000
11577,1000
11715,1000
11930,1000
13601,1000
14207,1000
14534,1000
14903,1000
15101,1000
16046,1000
16509,1000
16655,1000
17262,1000
19029,1000
19073,1000
19312,1000
20191,1000
20781,1000
21117,1000
21286,1000
22003,1000
22079,1000
22305,1000
22311,1000
22652,1000
23430,1000
27332,1000
28339,1000
28468,1000
28546,1000
28570,1000
29528,1000
29680,1000
30047,1000
30087,1000
30092,1000
30269,1000
30655,1000
31069,1000
31082,1000
32084,1000
32176,1000
32428,1000
32608,1000
33017,1000
33024,1000
33178,1000
33179,1000
33184,1000
33332,1000
33510,1000
34240,1000
34269,1000
34423,1000
34639,1000
34684,1000
34984,1000
35043,1000
35634,1000
36564,1000
36604,1000
37014,1000
37085,1000
37160,1000
37212,1000
37371,1000
38549,1000
38771,1000
39047,1000
39209,1000
39212,1000
39773,1000
40067,1000
40222,1000
42021,1000
43074,1000
43221,1000
43953,1000
44432,1000
44484,1000
44805,1000
44870,1000
45805,1000
46158,1000
46214,1000
46268,1000
46411,1000
46774,1000
48003,1000
48095,1000
48326,1000
48363,1000
48370,1000
48601,1000
48626,1000
48864,1000
49302,1000
49654,1000
49740,1000
52002,1000
52246,1000
53097,1000
53402,1000
53703,1000
53704,1000
53726,1000
55429,1000
57720,1000
58854,1000
59405,1000
59937,1000
60074,1000
60606,1000
60657,1000
61911,1000
62260,1000
63110,1000
63368,1000
64083,1000
65714,1000
66205,1000
67206,1000
67301,1000
67548,1000
68106,1000
68127,1000
70072,1000
71261,1000
72336,1000
74120,1000
74344,1000
75020,1000
75081,1000
75228,1000
75247,1000
75604,1000
75904,1000
76226,1000
76825,1000
76950,1000
77002,1000
77029,1000
77237,1000
77345,1000
77377,1000
77578,1000
78469,1000
78720,1000
79714,1000
79739,1000
79768,1000
79922,1000
80015,1000
80023,1000
80201,1000
80229,1000
81235,1000
81301,1000
84663,1000
84730,1000
85263,1000
85629,1000
85715,1000
87504,1000
89141,1000
89411,1000
90241,1000
90262,1000
90715,1000
91326,1000
91356,1000
91730,1000
91768,1000
92020,1000
92352,1000
92606,1000
92624,1000
92692,1000
92885,1000
93001,1000
93244,1000
93457,1000
93622,1000
93901,1000
94027,1000
94132,1000
94556,1000
94561,1000
94710,1000
95076,1000
95138,1000
95209,1000
95316,1000
95354,1000
96754,1000
97133,1000
97214,1000
97321,1000
97374,1000
97426,1000
98019,1000
98031,1000
98275,1000
98310,1000
98391,1000
98445,1000
99577,1000
24018,995
24590,995
29672,990
34106,990
37818,990
38632,990
60060,990
65721,990
24012,985
63017,985
65810,985
92585,985
92860,985
98133,985
22405,984
89460,984
12540,980
57103,980
58503,980
66062,980
74114,980
92657,980
30533,975
37087,975
38111,975
68123,975
73170,975
02865,970
08809,970
22193,970
26050,970
32765,970
38028,970
40165,970
44044,970
62269,970
70506,970
86004,970
89011,970
91710,970
99664,970
01545,965
02215,965
60160,965
60181,965
79602,965
28037,960
75091,960
76137,960
78239,960
78414,960
78664,960
93292,960
80918,957.28
19425,955
80134,955
86432,955
93291,955
95650,955
07930,950
20171,950
28605,950
36590,950
44406,950
48038,950
72223,950
79764,950
82701,950
87506,950
11229,948.5
21234,945
12585,940
22031,940
35613,940
35967,940
84065,940
84093,940
86406,940
93450,940
16059,935
27612,935
33813,935
48843,935
78640,935
91103,935
91311,935
93514,935
95131,935
98020,935
11731,930
32766,930
55304,930
95242,930
76182,926
22204,925
23456,925
32169,925
33907,925
54915,925
60189,924.55
03431,920
08540,920
41042,920
76114,920
77058,920
29617,916
13622,910
37615,910
45434,910
98684,910
11106,905
11557,905
45247,905
63021,905
82801,905
28451,901
11373,900
11705,900
19810,900
26175,900
44001,900
45066,900
48168,900
78240,900
93277,900
97058,900
73651,895
78563,895
43351,893.67
29801,890
30253,890
75078,890
99354,890
23455,885
34769,885
37701,885
53566,885
80817,880.2
15554,880
49036,880
63005,880
95818,880
10312,878.69
28460,875
92821,875
94002,875
23113,870
29451,870
32444,870
55082,870
98221,870
07430,865
30046,865
44070,865
85014,865
86301,865
93465,865
98264,865
30663,862
82609,860
78620,856
35803,855
55331,855
58554,855
64119,855
92024,855
98168,855
11590,850
29401,850
30161,850
33462,850
33484,850
34211,850
34695,850
36092,850
43207,850
55402,850
57104,850
70737,850
77076,850
77836,850
84015,850
85050,850
85206,850
85541,850
89703,850
92307,850
94112,850
95662,850
96003,850
97089,850
30144,845
44121,845
94061,845
98166,845
98274,845
22630,840
28391,840
32578,840
33131,840
63366,840
75948,840
95023,840
11722,835
27360,835
33411,835
33912,835
36401,835
49120,835
91701,835
98052,835
99803,835
97050,834
19103,830
28078,830
39305,830
46514,830
59602,830
89019,830
91748,830
01810,825
03818,825
08610,825
19341,825
27282,825
43950,825
47129,825
63304,825
71635,825
75126,825
19014,822
14031,820
17055,820
28470,820
38120,820
61759,820
71270,820
77388,819.55
06032,815
30068,815
37072,815
44144,815
52240,815
79735,815
89113,814.36
06371,810
11375,810
30004,810
73162,810
74063,810
85643,810
92106,810
98005,810
78418,805.2
02116,805
19904,805
19970,805
34472,805
68130,805
92128,805
93004,805
92064,804
38119,803
02817,800
04915,800
10010,800
13066,800
13078,800
15563,800
19709,800
20147,800
27856,800
28124,800
29928,800
31539,800
32064,800
32566,800
32827,800
33592,800
33955,800
33990,800
34232,800
34987,800
38663,800
43085,800
48073,800
48723,800
61821,800
63348,800
63367,800
64055,800
72901,800
75070,800
77904,800
80013,800
86326,800
89410,800
89502,800
90630,800
91367,800
93105,800
94303,800
95320,800
98026,800
98661,800
98801,800
99645,800
02633,795
08742,795
10310,795
17522,795
31411,795
33708,795
70123,795
35212,792.5
12590,790
30066,790
58103,790
79407,790
85750,790
92101,790
92627,790
20905,785
34683,785
75503,785
77082,785
85282,785
92706,785
97015,782
32606,780.97
06355,780
17050,780
34471,780
44883,780
55342,780
67525,780
77584,780
91901,780
73123,777
06611,775
15017,775
19446,775
32809,775
38125,775
39571,775
44123,775
46304,775
49014,775
61761,775
73951,775
84092,775
88061,775
94920,775
96701,775
97526,775
02769,770
24503,770
32960,770
36608,770
56001,770
58504,770
64093,770
64601,770
77627,770
91306,770
94501,770
66206,768
19966,765
24551,765
42701,765
54494,765
78757,765
89521,765
94803,765
95127,765
95949,765
98292,765
03854,760
27215,760
29501,760
33065,760
34288,760
37067,760
45324,760
46703,760
48116,760
55122,760
60435,760
76401,760
78003,760
78216,760
78412,760
79416,760
85142,760
92694,760
91773,758.05
77477,758
11201,755
17019,755
22313,755
22940,755
23452,755
29732,755
37830,755
45320,755
71303,755
77833,755
78504,755
80235,755
80304,755
80921,755
84081,755
95821,755
98042,755
98040,753
95451,751
01473,750
02891,750
03842,750
04901,750
05059,750
06040,750
06896,750
07039,750
07071,750
07631,750
07730,750
08701,750
11379,750
11780,750
11793,750
13491,750
14092,750
16870,750
18823,750
19801,750
20190,750
21032,750
21622,750
23968,750
24340,750
24541,750
27018,750
27030,750
27107,750
27295,750
27519,750
27609,750
28557,750
28717,750
29715,750
30324,750
30542,750
30750,750
32514,750
33084,750
33486,750
33578,750
37138,750
37360,750
37659,750
38261,750
39170,750
39531,750
40241,750
41091,750
41102,750
43302,750
44601,750
45208,750
46106,750
48173,750
48192,750
50210,750
50312,750
52333,750
52411,750
53403,750
54913,750
55044,750
55920,750
56293,750
59872,750
60061,750
60178,750
60430,750
60441,750
60462,750
61015,750
61032,750
61530,750
64430,750
65737,750
66801,750
67601,750
70403,750
71001,750
71019,750
71457,750
71463,750
73020,750
74132,750
75090,750
75098,750
75208,750
75367,750
75661,750
75855,750
77375,750
77493,750
77651,750
77830,750
78002,750
78010,750
78154,750
78228,750
78279,750
79424,750
79938,750
80831,750
83647,750
84105,750
85382,750
86351,750
88012,750
88312,750
89123,750
90043,750
91024,750
91320,750
91423,750
91724,750
91741,750
91752,750
91784,750
92127,750
92503,750
92662,750
93230,750
93443,750
94065,750
94583,750
94596,750
94705,750
95307,750
95423,750
95540,750
95695,750
95776,750
97070,750
97471,750
97702,750
98365,750
99027,750
99163,750
99901,750
11755,745
19111,745
21030,745
32217,745
32547,745
50588,745
60175,745
75701,745
77339,745
78233,745
80401,745
89108,745
93619,745
94941,745
97211,745
28540,742.28
11223,740
20176,740
47374,740
51201,740
60026,740
74820,740
91362,740
17603,736
11005,735
31520,735
48180,735
73142,735
78253,735
80513,735
92107,735
92656,735
88062,734.1
07931,733.65
10704,730
21813,730
31059,730
32503,730
42754,730
53189,730
55024,730
55448,730
74467,730
85635,730
93560,730
28104,725
29505,725
49076,725
60124,725
77523,725
91605,725
91722,725
32258,720.2
90703,720.2
03049,720
06824,720
11050,720
11769,720
14226,720
17011,720
17404,720
18612,720
19808,720
21204,720
22182,720
22304,720
29492,720
29710,720
30453,720
32780,720
32955,720
33029,720
34275,720
38024,720
43537,720
45885,720
46237,720
49417,720
53012,720
67152,720
73036,720
73116,720
75023,720
75056,720
75160,720
76801,720
77551,720
77964,720
78266,720
82717,720
85086,720
92122,720
94401,720
94903,720
97068,720
98516,720
98660,720
42301,717.7
02129,715
11795,715
33312,715
33331,715
45202,715
50320,715
55124,715
72715,715
74070,715
94030,715
46545,713
13104,710
13503,710
18951,710
23061,710
29651,710
32804,710
34446,710
44839,710
46143,710
47710,710
48312,710
73026,710
76134,710
77008,710
83341,710
85283,710
95835,710
97201,710
99403,710
92311,705.4
21787,705
37862,705
39157,705
40223,705
61540,705
77380,705
80305,705
84098,705
91786,705
93312,705
94598,705
98448,705
97202,703
77340,702
52748,701
06092,700
07009,700
07079,700
07650,700
08071,700
11797,700
26241,700
26763,700
30263,700
32435,700
34714,700
44012,700
45334,700
45684,700
49047,700
49341,700
56701,700
78411,700
78535,700
80924,700
89018,700
94019,700
02493,698.65
77074,697.47
02535,695
33445,695
62234,695
77346,695
80919,695
92129,695
96797,695
34203,690
39465,690
46936,690
55404,690
75025,690
78657,690
81507,690
95825,690
71291,685
85704,685
02790,680
10522,680
29693,680
33021,680
35957,680
45069,680
62535,680
62712,677
11747,675
85203,675
93003,675
93455,675
37312,670.2
01581,670
14880,670
29072,670
29482,670
30276,670
32134,670
33169,670
42302,670
48195,670
55115,670
90815,670
18902,665
44646,665
46970,665
54911,665
94801,665
41502,660
45845,660
77023,660
30093,659
55901,656
11501,655
24374,655
54660,655
63301,655
11219,654
08721,650
08755,650
16258,650
19477,650
20723,650
23236,650
28210,650
28574,650
30043,650
31211,650
32533,650
33498,650
33701,650
37742,650
41011,650
44202,650
44889,650
45103,650
46234,650
54540,650
60525,650
61820,650
71033,650
75454,650
77083,650
85042,650
85249,650
89144,650
92117,650
93021,650
98584,650
38134,646
11010,645
20186,645
24910,645
91307,645
92869,645
98407,645
64635,642
55438,641
03109,640
03301,640
11720,640
24091,640
30673,640
46614,640
60641,640
89118,640
97128,640
11735,638
11934,635
17964,635
28277,635
43528,635
65065,635
72903,635
76708,635
96744,635
22801,630
30606,630
34748,630
90242,630
92308,630
42327,625
78654,625
85260,625
97045,621
02703,620
21740,620
22603,620
24401,620
75963,620
81401,620
88210,620
89448,620
92126,620
94901,620
96818,620
66049,615
75154,615
77433,615
92078,615
79423,610.3
02360,610
04963,610
11374,610
15227,610
18706,610
22312,610
36207,610
45215,610
68124,610
71913,610
89148,610
89510,610
21205,605
32726,605
36111,605
42025,605
61455,605
78374,605
94585,605
98034,605
98107,605
98270,605
01867,600
06801,600
12065,600
17562,600
19086,600
22963,600
24060,600
25401,600
28209,600
30518,600
30528,600
32776,600
37042,600
39426,600
44122,600
45692,600
48036,600
51445,600
62221,600
70003,600
70546,600
71301,600
75650,600
76013,600
77304,600
77478,600
78230,600
85013,600
87508,600
90813,600
91506,600
92593,600
93720,600
94517,600
94947,600
94949,600
95043,600
95379,600
95691,600
98056,600
16066,595
29407,595
30909,595
32216,595
39759,595
47993,595
75702,595
77995,595
79022,595
95383,595
95602,595
38834,591
18328,590
35022,590
43026,590
52402,590
67502,590
19008,587.5
06360,585
08836,585
17701,585
22303,585
58835,585
61364,585
61548,585
73507,585
80222,585
96712,585
98383,585
92703,581
92121,580.46
04090,580
07670,580
11354,580
15367,580
16601,580
21043,580
22554,580
39211,580
45013,580
49686,580
59840,580
67133,580
70505,580
72704,580
73034,580
80016,580
85284,580
19403,575
32246,575
33173,575
37660,575
77043,575
78501,575
78942,575
83815,575
92029,575
93449,575
98075,575
11378,570
28803,570
30067,570
32506,570
33773,570
34429,570
38824,570
48642,570
49801,570
55033,570
57108,570
85022,570
89121,570
92596,570
99507,570
45429,565
46373,565
67235,565
72653,565
79926,565
93610,565
87020,560.89
02184,560
19428,560
29307,560
32245,560
48867,560
53143,560
60514,560
84025,560
90245,560
92223,560
95212,555.2
17602,555
28722,555
44077,555
71137,555
72764,555
78258,555
83706,555
94306,555
01028,550
01950,550
02474,550
02903,550
05701,550
08757,550
13438,550
15146,550
15904,550
16648,550
17202,550
19034,550
19382,550
19803,550
20874,550
21090,550
22556,550
24073,550
28806,550
29648,550
30523,550
32211,550
32266,550
32953,550
33018,550
33023,550
33180,550
33475,550
33716,550
34207,550
35058,550
37013,550
37210,550
37737,550
39577,550
40356,550
41017,550
43123,550
45255,550
47119,550
48433,550
49710,550
53593,550
55372,550
55446,550
57049,550
57366,550
60464,550
61536,550
61822,550
62354,550
63025,550
63841,550
64836,550
70514,550
71655,550
72076,550
73521,550
73801,550
75765,550
77835,550
78667,550
78802,550
80001,550
80102,550
81504,550
83712,550
85340,550
85367,550
85623,550
89109,550
91304,550
92008,550
92507,550
93305,550
93727,550
94087,550
94611,550
95519,550
95991,550
96002,550
96021,550
97304,550
97325,550
06109,545
14420,545
14618,545
23238,545
34606,545
53132,545
54868,545
78201,545
79159,545
93436,545
97229,545
07746,540
14450,540
24739,540
32571,540
39194,540
50014,540
59716,540
77630,540
78256,540
90063,540
93706,540
97524,540
98104,540
98606,540
13212,535
32068,535
33764,535
37324,535
37804,535
38917,535
60002,535
65355,535
71901,535
83814,535
87015,535
91342,535
98841,535
82009,531
10304,530
15217,530
16901,530
18034,530
22180,530
30215,530
31906,530
33069,530
33155,530
36695,530
37040,530
43143,530
53711,530
71909,530
77581,530
93704,530
95135,530
35071,528
73533,527
01701,525
07512,525
08005,525
08535,525
08736,525
19518,525
20169,525
22508,525
23322,525
28739,525
30251,525
30534,525
45238,525
48328,525
57501,525
59105,525
60543,525
73078,525
75036,525
79604,525
80005,525
93013,525
95236,525
98001,525
98199,525
74148,524
02052,520
04785,520
10956,520
25801,520
28311,520
29206,520
29687,520
30557,520
31036,520
33014,520
44280,520
46055,520
48127,520
55068,520
70458,520
70715,520
72758,520
73150,520
75082,520
77474,520
84721,520
90211,520
91910,520
93066,520
96007,520
99336,520
29835,515
31008,515
34142,515
34677,515
39059,515
59047,515
61550,515
70817,515
73139,515
78361,515
81004,515
91745,515
92804,515
94513,515
28306,512.5
01702,510
04032,510
11356,510
27817,510
28428,510
32302,510
32822,510
42003,510
44201,510
58201,510
77536,510
77993,510
78541,510
91765,510
98286,510
98513,510
95946,505.2
08753,505
15215,505
17740,505
23221,505
26184,505
27049,505
29202,505
29506,505
32526,505
33016,505
45040,505
55110,505
56601,505
60961,505
61705,505
77080,505
77099,505
77469,505
90292,505
90295,505
92243,505
93422,505
98635,505
98942,505
12401,504
23235,502
01089,500
01463,500
01915,500
01945,500
02110,500
02138,500
02347,500
02648,500
03031,500
03833,500
04736,500
05677,500
06042,500
06067,500
06068,500
06787,500
06804,500
06810,500
07002,500
07020,500
07030,500
07405,500
07424,500
07624,500
07663,500
07702,500
07712,500
07751,500
07945,500
08106,500
08260,500
08562,500
08648,500
08731,500
10003,500
10516,500
10576,500
10708,500
10805,500
10992,500
11004,500
11215,500
11225,500
11363,500
11423,500
11704,500
11717,500
11764,500
11777,500
11791,500
11941,500
11967,500
12582,500
13027,500
13416,500
13667,500
14225,500
14428,500
14502,500
14550,500
14905,500
15019,500
15131,500
15301,500
16056,500
16057,500
17314,500
17406,500
18042,500
18062,500
18334,500
18431,500
18508,500
18603,500
18702,500
19605,500
19806,500
19934,500
20132,500
20158,500
20637,500
21013,500
21085,500
21120,500
21152,500
21222,500
21502,500
21620,500
21678,500
21703,500
21737,500
22039,500
22043,500
22046,500
22191,500
22206,500
22301,500
22310,500
22539,500
22821,500
22827,500
23072,500
23112,500
23139,500
23146,500
23230,500
23413,500
23435,500
23436,500
24053,500
24141,500
24578,500
24605,500
25701,500
26261,500
27106,500
27216,500
27310,500
27516,500
27587,500
27606,500
27910,500
27936,500
27948,500
28070,500
28166,500
28388,500
28394,500
28465,500
28752,500
29212,500
29301,500
29323,500
29642,500
29646,500
30060,500
30084,500
30135,500
30180,500
30213,500
30214,500
30519,500
30629,500
31016,500
31047,500
31324,500
31331,500
31533,500
31602,500
31721,500
31750,500
32189,500
32345,500
32402,500
32404,500
32504,500
32563,500
32703,500
32730,500
32835,500
32903,500
33185,500
33189,500
33317,500
33334,500
33441,500
33626,500
33774,500
33785,500
33920,500
33931,500
34237,500
34265,500
34461,500
34491,500
34949,500
35611,500
35630,500
35802,500
36373,500
36572,500
36877,500
37016,500
37075,500
37146,500
37148,500
37172,500
37219,500
37221,500
37763,500
37764,500
37865,500
38002,500
38138,500
38358,500
38614,500
38902,500
39192,500
39302,500
39403,500
39574,500
40004,500
40205,500
40484,500
40514,500
40515,500
41043,500
43023,500
43050,500
43734,500
44011,500
44089,500
44223,500
44255,500
44413,500
44420,500
44857,500
45034,500
45227,500
45311,500
46077,500
46122,500
46256,500
46322,500
46342,500
46538,500
46747,500
47250,500
47404,500
47591,500
47712,500
47902,500
47978,500
48034,500
48094,500
48316,500
48455,500
48509,500
49010,500
49068,500
49071,500
49117,500
49129,500
49233,500
49727,500
50211,500
50219,500
50325,500
51331,500
51525,500
52310,500
52627,500
53080,500
53114,500
53226,500
53590,500
53713,500
55038,500
55125,500
55303,500
55310,500
55419,500
55904,500
56003,500
56537,500
56560,500
57032,500
57078,500
57105,500
57301,500
57382,500
58017,500
58318,500
58474,500
58626,500
58701,500
59801,500
59859,500
60043,500
60076,500
60145,500
60156,500
60417,500
60450,500
60463,500
60513,500
60560,500
60707,500
61282,500
61301,500
61732,500
62016,500
62339,500
62702,500
62906,500
63050,500
63117,500
63121,500
63545,500
63555,500
63877,500
64058,500
64068,500
64120,500
64490,500
64660,500
65205,500
66202,500
66215,500
66224,500
67205,500
67432,500
67853,500
68048,500
68402,500
68521,500
68756,500
69101,500
69154,500
70058,500
70342,500
70374,500
70448,500
70647,500
71133,500
71166,500
71201,500
71220,500
71292,500
71360,500
72019,500
72143,500
72150,500
72205,500
72360,500
72529,500
72802,500
72956,500
73003,500
73146,500
73501,500
74019,500
75001,500
75034,500
75110,500
75238,500
75254,500
75451,500
75461,500
75752,500
75783,500
76002,500
76040,500
76088,500
76210,500
76241,500
76308,500
76543,500
76703,500
77088,500
77096,500
77302,500
77351,500
77396,500
77434,500
77445,500
77531,500
77954,500
78055,500
78072,500
78114,500
78163,500
78254,500
78373,500
78382,500
78410,500
78617,500
78683,500
78705,500
78935,500
79045,500
79410,500
79718,500
79762,500
80126,500
80203,500
80435,500
80498,500
80534,500
80701,500
81403,500
81615,500
82435,500
82721,500
83014,500
83402,500
83405,500
83440,500
83501,500
83617,500
83638,500
83714,500
83854,500
83858,500
84036,500
84060,500
84630,500
84664,500
84757,500
84780,500
85002,500
85003,500
85205,500
85387,500
86024,500
86312,500
86320,500
87063,500
87401,500
88240,500
89406,500
89439,500
89801,500
90042,500
90045,500
90254,500
90277,500
90505,500
90601,500
90670,500
90701,500
90809,500
90814,500
91202,500
91325,500
91381,500
91790,500
91921,500
91935,500
91942,500
92038,500
92123,500
92210,500
92377,500
92677,500
92782,500
92833,500
93060,500
93278,500
93424,500
93618,500
94123,500
94305,500
94574,500
94704,500
95051,500
95110,500
95130,500
95148,500
95240,500
95253,500
95369,500
95376,500
95450,500
95482,500
95624,500
95642,500
96049,500
96073,500
96734,500
96741,500
96753,500
97080,500
97116,500
97121,500
97221,500
97230,500
97355,500
97370,500
97385,500
97415,500
97444,500
97496,500
97753,500
98021,500
98092,500
98116,500
98117,500
98247,500
98258,500
98273,500
98284,500
98370,500
98406,500
98802,500
98902,500
99504,500
99737,500
15235,496
07856,495
08088,495
11765,495
14624,495
17801,495
27577,495
28214,495
28906,495
30114,495
30143,495
32926,495
32968,495
33181,495
39183,495
55439,495
63129,495
85226,495
93555,495
95963,495
96160,495
97402,493
16002,490
28560,490
33576,490
35960,490
40324,490
50613,490
64014,490
96707,490
96815,490
97479,490
98198,490
08873,485
24083,485
28303,485
28697,485
29360,485
34212,485
35116,485
42437,485
46383,485
53018,485
60068,485
60102,485
63011,485
66408,485
78259,485
91789,485
93444,485
98012,485
98387,485
07735,482
01827,480
02478,480
02857,480
13492,480
14850,480
15642,480
15686,480
30286,480
48130,480
56381,480
60445,480
68701,480
70586,480
78164,480
81413,480
85032,480
90038,480
93221,480
94524,480
43081,477
11746,475
12549,475
20011,475
22122,475
29063,475
29412,475
30102,475
32966,475
33602,475
33903,475
33935,475
48066,475
48322,475
55123,475
61201,475
76020,475
76053,475
80723,475
91107,475
91913,475
95648,475
97225,475
99518,475
02537,470
06110,470
07626,470
10506,470
11581,470
11783,470
14760,470
18964,470
23140,470
28472,470
31548,470
33966,470
36526,470
37363,470
37920,470
40272,470
42001,470
43551,470
45140,470
48734,470
49315,470
55925,470
60067,470
63128,470
63901,470
75035,470
77575,470
78737,470
78749,470
80550,470
80863,470
89014,470
90034,470
91016,470
94590,470
94952,470
95380,470
95503,470
97301,470
98354,470
99840,470
07059,465
27455,465
28768,465
33066,465
53129,465
55378,465
55960,465
74014,465
78108,465
80227,465
91916,465
92880,465
99018,465
80631,464.55
01830,460
03079,460
15550,460
16354,460
18013,460
19454,460
21057,460
30268,460
30281,460
32044,460
32934,460
39402,460
43616,460
44095,460
46250,460
46580,460
48854,460
50624,460
60439,460
60565,460
62441,460
73401,460
76099,460
81635,460
83646,460
84660,460
87120,460
90638,460
93631,460
97448,460
46236,459
78702,458
05457,455
07604,455
08724,455
10701,455
13021,455
14892,455
29577,455
32708,455
33404,455
34221,455
34667,455
66220,455
77642,455
77706,455
83661,455
90723,455
91405,455
97703,455
34759,454
89027,451
11553,450
11697,450
24078,450
24649,450
26301,450
27806,450
28056,450
31763,450
32136,450
32177,450
33035,450
33810,450
35179,450
37188,450
57022,450
60099,450
60520,450
60656,450
75189,450
76522,450
77516,450
77659,450
77963,450
78332,450
80809,450
90717,450
92023,450
92342,450
98324,450
98335,450
98844,450
99037,450
08046,445
29681,445
34476,445
37336,445
46123,445
59501,445
61310,445
61484,445
92088,445
92231,445
02050,440
03911,440
07016,440
15037,440
25003,440
30643,440
37885,440
45030,440
47130,440
48025,440
54812,440
62218,440
80536,440
84062,440
93023,440
98501,440
99502,440
99611,440
07627,435
33145,435
33311,435
38256,435
39042,435
49783,435
75414,435
76059,435
95019,435
19530,430
35601,430
55792,430
76117,430
76234,430
30501,427
02893,425
03442,425
05156,425
08008,425
31015,425
45459,425
48823,425
54136,425
56452,425
65560,425
78596,425
80214,425
94619,425
04005,420
04640,420
28164,420
30132,420
32455,420
33415,420
34140,420
43103,420
54157,420
60941,420
16946,417
02482,416
06901,415
35661,415
45424,415
70605,415
76011,415
96028,415
98227,415
25535,414
21550,412.5
78131,410.45
05454,410
22553,410
49464,410
71801,410
78336,410
79556,410
81501,410
88203,410
46385,408
00693,407
08835,405
12307,405
36542,405
61350,405
76864,405
98850,405
06340,402
46570,401
06331,400
06484,400
06890,400
08016,400
08558,400
08723,400
10543,400
12498,400
14589,400
17032,400
17315,400
21122,400
21557,400
22620,400
22947,400
23894,400
24486,400
24572,400
25302,400
27055,400
27513,400
27534,400
28787,400
29168,400
30417,400
30512,400
32011,400
32627,400
32694,400
33803,400
35148,400
36005,400
37618,400
38133,400
40207,400
40243,400
44141,400
45240,400
47025,400
49709,400
51652,400
52248,400
53045,400
54401,400
54452,400
55403,400
56474,400
60110,400
60403,400
60438,400
61611,400
62056,400
62573,400
64063,400
64152,400
65616,400
70030,400
70124,400
70542,400
73030,400
73159,400
78252,400
80223,400
83205,400
84097,400
84328,400
84622,400
85212,400
85346,400
87006,400
89005,400
90602,400
92084,400
92314,400
92544,400
96057,400
97386,400
97501,400
97624,400
98228,400
99301,400
40229,395.59
19711,395
30009,395
30548,395
37412,395
61443,395
78413,395
98229,395
16801,390
17552,390
33071,390
33868,390
76252,390
77486,390
85937,390
92735,390
32570,389
23320,385
42141,385
71822,385
72560,385
83660,382.5
29209,380
30736,380
32174,380
35747,380
43080,380
48006,380
63302,380
76240,380
97527,380
08096,375
22657,375
35470,375
40052,375
45305,375
46319,375
49008,375
49696,375
60053,375
64637,375
75853,375
84653,375
84726,375
86314,375
91746,375
93002,375
01821,374.06
98568,374
33897,370
61733,370
74966,370
76112,370
30345,368.69
63702,368.69
01778,365
12180,365
18976,365
27518,365
29078,365
44004,365
45601,365
60453,365
68135,365
74401,365
83669,365
94546,365
98408,365
02632,360
06498,360
11385,360
19060,360
20706,360
51004,360
70592,360
77081,360
77387,360
80011,360
84116,360
85210,360
91911,360
92661,360
08690,355
10466,355
18929,355
31833,355
33991,355
41001,355
46550,355
49078,355
67801,355
74101,355
94542,355
08840,351
03053,350
06416,350
07979,350
08752,350
08805,350
10301,350
10980,350
12916,350
13656,350
14620,350
15135,350
15656,350
17821,350
18415,350
21128,350
24472,350
25402,350
27514,350
30277,350
30458,350
32024,350
32097,350
32653,350
32952,350
33852,350
34744,350
35007,350
35405,350
40203,350
40228,350
44130,350
44139,350
44214,350
47403,350
48329,350
48879,350
49418,350
50674,350
51579,350
53579,350
55008,350
55109,350
55437,350
56401,350
56549,350
60440,350
61115,350
65236,350
65348,350
66866,350
67550,350
73432,350
73937,350
76086,350
77001,350
77384,350
80422,350
80610,350
80731,350
84737,350
85083,350
89034,350
89122,350
93110,350
94544,350
96813,350
98119,350
01740,345
17756,345
32720,345
33932,345
72937,345
96817,345
47448,343
01460,340
02655,340
04240,340
38464,340
46135,340
47946,340
50701,340
50859,340
61231,340
67640,340
71111,340
74020,340
93532,340
98058,340
08060,335
10523,335
14127,335
32949,335
35614,335
38559,335
38767,335
48423,335
55105,335
61486,335
62568,335
63052,335
70809,335
92071,335
95923,335
59261,333
07081,331
06457,330
07035,330
08003,330
12131,330
17737,330
18016,330
19152,330
20110,330
21201,330
28429,330
29070,330
32693,330
32937,330
33328,330
35173,330
36066,330
36322,330
37211,330
37642,330
37924,330
39503,330
40409,330
44224,330
45245,330
46239,330
47357,330
49230,330
54467,330
56031,330
58746,330
59711,330
60148,330
61341,330
62254,330
62812,330
67560,330
68924,330
72032,330
73122,330
74157,330
74502,330
86304,330
92301,330
92325,330
94582,330
95054,330
95060,330
97003,330
97814,330
98004,330
18337,325
19508,325
30290,325
49048,325
78066,325
78539,325
82301,325
84310,325
85277,325
91505,325
97367,325
98046,325
20910,322
02673,320
04348,320
15012,320
15106,320
18018,320
28650,320
31217,320
31326,320
35806,320
36117,320
44824,320
45414,320
81125,320
85012,320
89138,320
91436,320
94063,320
97361,320
30341,317.5
61554,316
08081,315
12514,315
15211,315
19376,315
33063,315
35403,315
48162,315
50450,315
60201,315
64759,315
70816,315
78579,315
79105,315
83333,315
83856,315
89149,315
95366,315
99520,315
19355,312.28
01970,310
11558,310
11738,310
11757,310
19010,310
25414,310
29210,310
30141,310
31648,310
31730,310
32763,310
34601,310
34653,310
36547,310
39818,310
40509,310
45371,310
55979,310
60542,310
64015,310
65265,310
70777,310
73107,310
75060,310
75169,310
75672,310
92688,310
92840,310
94086,310
94954,310
15010,305.4
03063,305
04414,305
06069,305
11753,305
27855,305
37756,305
39530,305
47633,305
48335,305
67484,305
70538,305
72863,305
82401,305
95326,305
95712,305
90403,302
03225,301
02454,300.2
01520,300
01542,300
01969,300
02532,300
02556,300
02675,300
03045,300
03884,300
04776,300
06084,300
06419,300
06437,300
06510,300
07058,300
07076,300
07442,300
07480,300
07607,300
07701,300
07826,300
08050,300
08823,300
08826,300
10453,300
10514,300
10589,300
11435,300
11768,300
11792,300
12056,300
12564,300
13323,300
13440,300
13827,300
14519,300
16127,300
16335,300
16805,300
17042,300
17048,300
17560,300
18428,300
19061,300
19901,300
19960,300
19961,300
20735,300
20776,300
21014,300
21056,300
21531,300
21801,300
23227,300
24485,300
25403,300
26149,300
26426,300
27013,300
27306,300
27713,300
27822,300
27960,300
28103,300
28376,300
28541,300
28719,300
28801,300
29605,300
29707,300
29853,300
30426,300
30666,300
31005,300
32164,300
32226,300
32643,300
32696,300
32725,300
33303,300
33351,300
33543,300
33617,300
33952,300
34209,300
34478,300
34652,300
36549,300
37620,300
37919,300
38804,300
39051,300
39111,300
39564,300
40391,300
40403,300
42276,300
43064,300
43147,300
43160,300
43324,300
44035,300
44428,300
45233,300
45822,300
46737,300
47124,300
48033,300
48092,300
48111,300
48135,300
48185,300
48239,300
48750,300
48917,300
49057,300
49853,300
50023,300
52726,300
53044,300
54220,300
54521,300
54729,300
55369,300
55401,300
56315,300
57047,300
58545,300
59011,300
59068,300
59702,300
60014,300
60081,300
60202,300
60516,300
61111,300
61244,300
61479,300
61535,300
61604,300
61616,300
61856,300
61933,300
62668,300
62801,300
64137,300
65110,300
65689,300
66061,300
70563,300
70611,300
71953,300
72611,300
73044,300
73093,300
74105,300
74745,300
74855,300
74868,300
75785,300
75956,300
76058,300
76104,300
76309,300
77707,300
78116,300
78222,300
78521,300
79057,300
79414,300
79936,300
80501,300
80615,300
80620,300
82716,300
83702,300
84095,300
85252,300
85358,300
85737,300
87110,300
88046,300
88345,300
89077,300
89515,300
90247,300
91201,300
91313,300
91775,300
92025,300
92172,300
92375,300
92408,300
92831,300
93033,300
93446,300
93535,300
94507,300
94551,300
94560,300
95129,300
95203,300
95682,300
95860,300
96103,300
96114,300
97002,300
97048,300
97322,300
97378,300
97405,300
97540,300
98177,300
98259,300
98293,300
98546,300
98671,300
99201,300
99515,300
99615,300
99676,300
65747,298
10520,295
11701,295
16428,295
32796,295
33027,295
44102,295
46013,295
46242,295
47715,295
48026,295
55418,295
55441,295
59270,295
60301,295
60601,295
61072,295
63379,295
76012,295
77054,295
78363,295
83605,295
89407,295
93747,295
97016,295
36301,290.4
08055,290.2
02127,290
04072,290
04541,290
19116,290
21727,290
27203,290
27591,290
29669,290
34208,290
36081,290
39038,290
39367,290
54773,290
55084,290
59050,290
60532,290
61874,290
62203,290
75951,290
83651,290
90660,290
91335,290
97756,290
45224,288
11364,285
11953,285
20619,285
29036,285
30907,285
34953,285
35603,285
46825,285
49858,285
55427,285
56738,285
60515,285
60625,285
66213,285
84029,285
87112,285
90650,285
91020,285
93406,285
95492,285
96704,285
97223,285
52314,282.28
90009,282
01757,280
05851,280
06854,280
08512,280
11762,280
20872,280
27571,280
30126,280
34604,280
39478,280
40702,280
54485,280
56007,280
56345,280
60608,280
66216,280
67877,280
70121,280
73439,280
75569,280
84511,280
85015,280
97232,280
97333,280
71046,277.5
01938,275
02145,275
06605,275
07460,275
07657,275
07733,275
08036,275
08332,275
08559,275
08822,275
10994,275
11509,275
12533,275
12983,275
13030,275
15102,275
16053,275
16441,275
17754,275
17857,275
18202,275
19145,275
20904,275
21903,275
24501,275
27205,275
28081,275
28334,275
28657,275
29356,275
29909,275
30306,275
30566,275
32063,275
32621,275
33566,275
33624,275
34201,275
34210,275
35594,275
36533,275
36606,275
37771,275
38023,275
40162,275
43611,275
44054,275
45449,275
47546,275
47918,275
48220,275
49953,275
51014,275
54495,275
54701,275
54728,275
55020,275
59873,275
59911,275
59923,275
60190,275
60451,275
61401,275
61755,275
62294,275
62321,275
62401,275
64491,275
66012,275
67669,275
68025,275
68136,275
68144,275
70507,275
72401,275
74036,275
75633,275
76036,275
76273,275
76642,275
77336,275
77550,275
78552,275
78642,275
79106,275
80204,275
80206,275
80917,275
84040,275
84334,275
85743,275
86336,275
89139,275
92220,275
92316,275
93015,275
93036,275
93109,275
93624,275
93725,275
94115,275
94591,275
95448,275
98022,275
99036,275
61853,274.27
48875,272
00927,270
07452,270
10703,270
12205,270
17408,270
18218,270
19053,270
19125,270
29572,270
29662,270
32114,270
34951,270
36866,270
37663,270
37774,270
42348,270
50010,270
60008,270
63068,270
64061,270
72719,270
76502,270
78645,270
81505,270
85606,270
92659,270
94519,270
95050,270
95126,270
95128,270
98225,270
99011,270
48641,267.5
45012,267
07724,265
07731,265
07762,265
10933,265
11518,265
14904,265
20674,265
25177,265
32117,265
32223,265
32626,265
33777,265
38629,265
43001,265
48657,265
52632,265
65453,265
66221,265
67211,265
92637,265
95386,265
98388,265
57328,263
66953,262.28
01864,260
06107,260
10567,260
10965,260
11560,260
12952,260
12962,260
14425,260
14546,260
19363,260
22727,260
23693,260
25309,260
29602,260
33030,260
35650,260
36582,260
37890,260
38501,260
44691,260
53228,260
55992,260
63104,260
72908,260
73086,260
76073,260
77656,260
80217,260
84014,260
85353,260
87113,260
90023,260
90067,260
92704,260
92806,260
94973,260
95324,260
96708,260
20855,258
28411,258
01752,255
07652,255
08520,255
11365,255
11418,255
11706,255
11976,255
20175,255
21227,255
30152,255
31061,255
31709,255
32244,255
32736,255
32810,255
33898,255
36010,255
37122,255
37217,255
37388,255
38242,255
38401,255
44822,255
45123,255
47203,255
48183,255
49738,255
51450,255
55436,255
57701,255
60511,255
64157,255
64801,255
70422,255
71762,255
74021,255
75077,255
75287,255
77004,255
77367,255
77492,255
78263,255
78636,255
81631,255
86046,255
87144,255
91007,255
92397,255
95032,255
97488,255
98208,255
12484,253
49519,252.28
46148,251
50401,251
63834,251
76123,251
94953,251
01020,250
01075,250
01201,250
01452,250
01523,250
01590,250
01748,250
01760,250
01844,250
01906,250
01908,250
01940,250
02062,250
02081,250
02151,250
02461,250
02536,250
02554,250
02874,250
02921,250
03087,250
03220,250
03244,250
03255,250
03289,250
03839,250
03840,250
03846,250
03883,250
03885,250
04103,250
04364,250
04847,250
04986,250
05487,250
05495,250
05738,250
05746,250
06052,250
06078,250
06105,250
06237,250
06238,250
06279,250
06405,250
06410,250
06417,250
06422,250
06475,250
06478,250
06492,250
06712,250
06759,250
06784,250
06853,250
07004,250
07005,250
07075,250
07087,250
07094,250
07109,250
07630,250
07641,250
07830,250
07876,250
07932,250
07940,250
08002,250
08051,250
08068,250
08080,250
08087,250
08095,250
08109,250
08215,250
08361,250
08515,250
08824,250
08833,250
08865,250
08872,250
09870,250
10009,250
10011,250
10012,250
10013,250
10524,250
10528,250
10530,250
10562,250
10590,250
10591,250
10601,250
10606,250
10801,250
10926,250
10954,250
10989,250
11003,250
11023,250
11204,250
11217,250
11360,250
11414,250
11432,250
11710,250
11751,250
11779,250
11782,250
11790,250
11937,250
11944,250
11949,250
12027,250
12144,250
12520,250
12525,250
12553,250
12572,250
12721,250
12946,250
13045,250
13053,250
13346,250
13403,250
13413,250
13605,250
13606,250
14040,250
14102,250
14131,250
14172,250
14213,250
14224,250
14228,250
14525,250
14710,250
15212,250
15234,250
15239,250
15668,250
15928,250
16249,250
16410,250
16602,250
17022,250
17265,250
17316,250
17329,250
17356,250
17538,250
17579,250
17728,250
17815,250
17837,250
17931,250
17954,250
18017,250
18032,250
18049,250
18052,250
18064,250
18066,250
18092,250
18201,250
18214,250
18336,250
18641,250
18831,250
19035,250
19317,250
19344,250
19350,250
19436,250
19460,250
19525,250
19540,250
19547,250
19939,250
20018,250
20105,250
20142,250
20181,250
20657,250
20664,250
20736,250
20763,250
20770,250
20783,250
20895,250
21001,250
21035,250
21044,250
21153,250
21202,250
21619,250
21750,250
21755,250
21771,250
22015,250
22033,250
22401,250
22406,250
22812,250
22902,250
22932,250
22939,250
23117,250
23451,250
23453,250
23692,250
23841,250
24101,250
24165,250
24422,250
24435,250
24521,250
24557,250
24614,250
24966,250
25085,250
25425,250
25550,250
25702,250
26105,250
27043,250
27292,250
27376,250
27511,250
27522,250
27565,250
27605,250
27607,250
27617,250
27874,250
27893,250
28071,250
28110,250
28112,250
28305,250
28371,250
28412,250
28439,250
28445,250
28529,250
28626,250
28677,250
28732,250
28734,250
28759,250
28802,250
28904,250
29135,250
29334,250
29456,250
29520,250
29582,250
29708,250
29805,250
29901,250
29920,250
30016,250
30025,250
30042,250
30071,250
30106,250
30116,250
30157,250
30165,250
30411,250
30546,250
30577,250
30635,250
30705,250
31024,250
31035,250
31088,250
31096,250
31145,250
31201,250
31513,250
31516,250
31558,250
31561,250
31909,250
32003,250
32095,250
32119,250
32131,250
32132,250
32205,250
32255,250
32257,250
32324,250
32333,250
32401,250
32407,250
32534,250
32807,250
32811,250
32825,250
32833,250
33043,250
33133,250
33165,250
33186,250
33401,250
33413,250
33421,250
33442,250
33534,250
33541,250
33565,250
33611,250
33703,250
33709,250
33710,250
33765,250
33770,250
33805,250
33890,250
33896,250
33901,250
33922,250
33956,250
33973,250
33974,250
33975,250
34117,250
34133,250
34233,250
34239,250
34280,250
34284,250
34736,250
34743,250
34746,250
34761,250
34981,250
35004,250
35055,250
35160,250
35406,250
35674,250
35773,250
35958,250
35980,250
35984,250
35986,250
36054,250
36271,250
36305,250
36420,250
36855,250
36874,250
37030,250
37031,250
37110,250
37203,250
37209,250
37330,250
37601,250
37604,250
37777,250
37821,250
37840,250
37841,250
37854,250
38135,250
38502,250
38666,250
38829,250
38862,250
38863,250
39088,250
39205,250
39272,250
39355,250
39482,250
39507,250
39629,250
39638,250
39823,250
40220,250
40511,250
40831,250
41075,250
41348,250
42303,250
42450,250
42633,250
43016,250
43054,250
43110,250
43230,250
43326,250
43360,250
43452,250
43506,250
43623,250
43760,250
43952,250
44023,250
44056,250
44081,250
44106,250
44230,250
44260,250
44262,250
44274,250
44313,250
44611,250
44667,250
44685,250
44820,250
45167,250
45323,250
45342,250
45368,250
45431,250
45638,250
45660,250
45714,250
46001,250
46041,250
46112,250
46113,250
46131,250
46167,250
46217,250
46350,250
46381,250
46563,250
46567,250
46574,250
46582,250
46701,250
46702,250
46765,250
46902,250
47265,250
47342,250
47386,250
47541,250
47576,250
47601,250
47725,250
47930,250
48045,250
48067,250
48069,250
48080,250
48093,250
48144,250
48145,250
48150,250
48174,250
48176,250
48182,250
48187,250
48317,250
48393,250
48473,250
48623,250
48768,250
49064,250
49093,250
49097,250
49224,250
49316,250
49333,250
49340,250
49428,250
49504,250
49506,250
49508,250
50035,250
50585,250
50864,250
51041,250
51104,250
51558,250
52214,250
52247,250
52537,250
52722,250
52803,250
53078,250
53086,250
53103,250
53115,250
53120,250
53126,250
53221,250
53223,250
53717,250
53821,250
54311,250
54411,250
54425,250
54656,250
54956,250
55012,250
55070,250
55077,250
55102,250
55127,250
55320,250
55345,250
55362,250
55376,250
55379,250
55405,250
55416,250
55444,250
55447,250
55731,250
55803,250
56011,250
56093,250
56266,250
56304,250
56442,250
56542,250
56721,250
57038,250
57039,250
57106,250
57107,250
57201,250
57276,250
58106,250
58237,250
58443,250
59052,250
59079,250
59103,250
59457,250
59701,250
59750,250
59875,250
60007,250
60029,250
60035,250
60064,250
60071,250
60083,250
60115,250
60194,250
60446,250
60490,250
60491,250
60506,250
60564,250
60901,250
61071,250
61525,250
61884,250
62035,250
62216,250
62246,250
62278,250
62451,250
62460,250
62626,250
62692,250
62694,250
62704,250
62899,250
62918,250
62935,250
63357,250
63434,250
63549,250
63552,250
63638,250
63670,250
63873,250
64080,250
64112,250
64429,250
64650,250
65279,250
65301,250
65321,250
65717,250
66013,250
66018,250
66104,250
66223,250
66227,250
66503,250
66604,250
66713,250
66746,250
66762,250
66951,250
67037,250
67052,250
67207,250
67357,250
68030,250
68114,250
68133,250
68138,250
68410,250
68456,250
68510,250
68524,250
68601,250
68602,250
68803,250
68822,250
69125,250
69363,250
70056,250
70118,250
70447,250
70454,250
70503,250
70754,250
71105,250
71115,250
71403,250
71407,250
71730,250
71854,250
72034,250
72211,250
72601,250
72654,250
72916,250
73120,250
73128,250
73131,250
73450,250
73503,250
73729,250
74011,250
74015,250
74017,250
74022,250
74066,250
74115,250
74434,250
74437,250
74604,250
75013,250
75041,250
75052,250
75069,250
75071,250
75075,250
75115,250
75125,250
75204,250
75234,250
75237,250
75356,250
75374,250
75440,250
75482,250
75603,250
75606,250
75756,250
75771,250
75801,250
75852,250
76001,250
76006,250
76048,250
76054,250
76065,250
76067,250
76078,250
76093,250
76118,250
76207,250
76549,250
76638,250
76652,250
76854,250
77006,250
77030,250
77040,250
77042,250
77065,250
77240,250
77301,250
77385,250
77389,250
77393,250
77399,250
77414,250
77437,250
77441,250
77489,250
77515,250
77518,250
77542,250
77562,250
77613,250
77705,250
78330,250
78379,250
78404,250
78427,250
78598,250
78629,250
78850,250
79072,250
79316,250
79325,250
79339,250
79383,250
79501,250
79562,250
79603,250
79769,250
79782,250
79789,250
79928,250
80021,250
80031,250
80107,250
80118,250
80125,250
80220,250
80439,250
80517,250
80524,250
80538,250
80925,250
80926,250
81130,250
81149,250
81212,250
81224,250
81321,250
81323,250
81506,250
81521,250
81612,250
81654,250
82070,250
82213,250
82523,250
82931,250
83316,250
83318,250
83346,250
83622,250
83715,250
83809,250
83810,250
83811,250
83855,250
84003,250
84017,250
84042,250
84074,250
84117,250
84119,250
84333,250
84341,250
84403,250
84783,250
85051,250
85085,250
85122,250
85140,250
85208,250
85213,250
85308,250
85326,250
85355,250
85374,250
85390,250
85710,250
85745,250
85746,250
85920,250
85933,250
85935,250
86005,250
86323,250
86324,250
86325,250
87043,250
87059,250
87106,250
87119,250
87501,250
87507,250
88242,250
88252,250
88311,250
89049,250
89120,250
89145,250
89147,250
89166,250
89429,250
89508,250
89820,250
90015,250
90745,250
90807,250
91030,250
91106,250
91208,250
91225,250
91301,250
91384,250
91403,250
91728,250
91791,250
92003,250
92013,250
92091,250
92116,250
92118,250
92124,250
92139,250
92154,250
92203,250
92240,250
92284,250
92320,250
92335,250
92336,250
92374,250
92516,250
92545,250
92587,250
92835,250
92870,250
93103,250
93215,250
93243,250
93280,250
93308,250
93389,250
93427,250
93460,250
93546,250
93551,250
93561,250
93614,250
93635,250
93666,250
94025,250
94080,250
94107,250
94127,250
94134,250
94147,250
94505,250
94533,250
94534,250
94566,250
94904,250
94960,250
95113,250
95120,250
95215,250
95258,250
95321,250
95336,250
95363,250
95370,250
95381,250
95409,250
95641,250
95661,250
95670,250
95673,250
95677,250
95684,250
95759,250
95814,250
95815,250
95816,250
95917,250
95932,250
95945,250
95957,250
96162,250
96706,250
96720,250
96789,250
97019,250
97031,250
97113,250
97132,250
97219,250
97224,250
97267,250
97268,250
97306,250
97404,250
97420,250
97449,250
97459,250
97462,250
97701,250
97707,250
97845,250
97886,250
98003,250
98007,250
98008,250
98027,250
98072,250
98101,250
98121,250
98223,250
98226,250
98232,250
98295,250
98371,250
98409,250
98422,250
98503,250
98550,250
98640,250
98643,250
98812,250
98856,250
98908,250
98922,250
98953,250
99005,250
99016,250
99205,250
99218,250
99224,250
99323,250
99353,250
99516,250
99553,250
99567,250
99708,250
46571,248
02346,245
02571,245
02771,245
04743,245
07305,245
08009,245
08020,245
08210,245
10566,245
13317,245
14423,245
15009,245
15522,245
18707,245
20852,245
22980,245
26003,245
29445,245
30906,245
32712,245
33428,245
33619,245
37743,245
37931,245
40242,245
43068,245
44708,245
45690,245
46176,245
46714,245
46947,245
48629,245
53154,245
55386,245
57536,245
58802,245
59860,245
59904,245
60118,245
61875,245
62479,245
63130,245
63461,245
68942,245
75402,245
75789,245
78022,245
78140,245
78264,245
78728,245
79360,245
79453,245
80936,245
82834,245
82923,245
84713,245
90603,245
94928,245
95118,245
98362,245
99709,245
32754,242
01370,240
01905,240
13214,240
20878,240
23434,240
24656,240
29485,240
32331,240
35023,240
35124,240
39501,240
51541,240
52003,240
55305,240
69347,240
71446,240
72227,240
76649,240
78840,240
83822,240
89169,240
92346,240
93256,240
93654,240
98632,240
01720,237.28
84501,235.2
01095,235
06442,235
06794,235
07040,235
08065,235
08098,235
08858,235
10105,235
11001,235
17110,235
19606,235
22551,235
23885,235
29306,235
30105,235
33138,235
33313,235
33579,235
35582,235
35805,235
46011,235
47172,235
47346,235
50125,235
53070,235
58521,235
70435,235
71315,235
72501,235
74133,235
75062,235
75447,235
76384,235
76705,235
77571,235
80807,235
82433,235
84742,235
85017,235
91977,235
92359,235
94044,235
96062,235
98059,235
98267,235
92398,231
95640,231
01005,230
01331,230
01907,230
02576,230
03076,230
07057,230
08203,230
11218,230
12887,230
14174,230
16151,230
16507,230
17268,230
18446,230
18931,230
19703,230
21774,230
23294,230
24502,230
26804,230
27804,230
28625,230
28673,230
29622,230
30064,230
31768,230
32420,230
35442,230
39666,230
43920,230
44118,230
45314,230
46061,230
48888,230
49009,230
57069,230
58523,230
60139,230
65020,230
65584,230
66226,230
72858,230
78660,230
79008,230
79083,230
80433,230
85381,230
90003,230
92881,230
94541,230
94805,230
95350,230
98087,230
98368,230
98512,230
68046,229
07419,226
42567,226
01824,225
02562,225
04860,225
06074,225
06838,225
08037,225
11570,225
12547,225
16159,225
17777,225
19025,225
19440,225
19611,225
22601,225
22802,225
26855,225
29201,225
30233,225
31031,225
32233,225
34480,225
34982,225
35570,225
35750,225
37664,225
37849,225
39520,225
40741,225
41056,225
44804,225
46060,225
46818,225
48104,225
48460,225
50003,225
52057,225
54409,225
55442,225
58214,225
58722,225
59404,225
60089,225
60192,225
60607,225
61011,225
61080,225
62223,225
63090,225
67504,225
67735,225
68134,225
68801,225
75007,225
75412,225
75462,225
75642,225
75712,225
77253,225
77640,225
79098,225
83421,225
84047,225
85130,225
87124,225
88001,225
92114,225
92404,225
92701,225
94304,225
96929,225
97844,225
98053,225
98909,225
32317,224.41
75758,222.27
11550,222
28757,221
30012,220.2
01267,220
02152,220
02180,220
02888,220
03246,220
03811,220
03870,220
03909,220
04457,220
04644,220
05054,220
05254,220
05672,220
06013,220
06089,220
06720,220
07719,220
07834,220
07860,220
08034,220
08052,220
08054,220
08244,220
10001,220
10560,220
10940,220
12159,220
12771,220
13152,220
13662,220
14094,220
14170,220
14606,220
15139,220
15142,220
15229,220
15243,220
15622,220
16201,220
16317,220
17046,220
17067,220
17094,220
17225,220
17325,220
17884,220
18436,220
18626,220
18974,220
19015,220
19320,220
19809,220
19945,220
19969,220
20677,220
20850,220
21666,220
21797,220
21921,220
23040,220
23437,220
24064,220
24127,220
24538,220
24740,220
25303,220
27051,220
27242,220
27288,220
27705,220
27801,220
27808,220
27891,220
27944,220
28034,220
28501,220
28602,220
28682,220
28792,220
29438,220
29527,220
29650,220
30650,220
31028,220
31328,220
31525,220
31598,220
31794,220
32128,220
32348,220
32501,220
32714,220
32751,220
32757,220
32837,220
32905,220
32931,220
33067,220
33076,220
33126,220
33319,220
33417,220
33558,220
33679,220
33714,220
33862,220
34287,220
34289,220
34465,220
34482,220
34637,220
34991,220
35054,220
35094,220
35473,220
35757,220
35901,220
35961,220
36854,220
37023,220
37355,220
37404,220
37411,220
37686,220
37745,220
38301,220
38305,220
38343,220
38654,220
38878,220
38947,220
39208,220
39466,220
40505,220
41015,220
41143,220
42064,220
43035,220
43232,220
43512,220
43606,220
43719,220
43725,220
43793,220
44120,220
44142,220
44203,220
44234,220
44312,220
45107,220
45157,220
45169,220
45710,220
46168,220
46227,220
46393,220
46516,220
46835,220
47501,220
48091,220
48167,220
48380,220
48421,220
48858,220
49024,220
49055,220
49220,220
49242,220
49424,220
49444,220
49712,220
49729,220
49770,220
50131,220
50459,220
50597,220
51035,220
51640,220
52001,220
52257,220
52401,220
52742,220
53151,220
53520,220
53546,220
53948,220
54658,220
54748,220
54902,220
55045,220
55119,220
55449,220
56244,220
56378,220
56467,220
57030,220
58203,220
58401,220
58502,220
59721,220
59722,220
60079,220
60173,220
60561,220
60929,220
60957,220
61107,220
61114,220
61546,220
61571,220
61701,220
62226,220
62233,220
62240,220
62465,220
62630,220
62948,220
63622,220
64052,220
65275,220
65552,220
65738,220
66002,220
66212,220
66736,220
66834,220
67002,220
67204,220
67216,220
67481,220
68512,220
68865,220
70053,220
70427,220
70578,220
71744,220
71968,220
72634,220
72927,220
73007,220
73446,220
73460,220
73730,220
74056,220
74441,220
75002,220
75044,220
75048,220
75474,220
75706,220
75707,220
76010,220
76022,220
76085,220
76097,220
76265,220
76622,220
76634,220
76636,220
76693,220
76706,220
76832,220
77087,220
77365,220
77422,220
77484,220
77582,220
77957,220
78255,220
78611,220
78717,220
78959,220
79019,220
79036,220
79711,220
79902,220
80230,220
80302,220
80651,220
81008,220
81416,220
81432,220
82520,220
83221,220
83241,220
83805,220
84301,220
84537,220
85304,220
85747,220
85901,220
86342,220
87104,220
87125,220
90066,220
91377,220
91709,220
91750,220
92674,220
92801,220
93307,220
93428,220
93637,220
93705,220
93907,220
94122,220
94126,220
94404,220
94509,220
94547,220
94565,220
94610,220
94807,220
94956,220
94965,220
95327,220
95340,220
95454,220
95497,220
95621,220
95926,220
95953,220
95975,220
96067,220
96130,220
96913,220
97023,220
97138,220
97146,220
97603,220
98366,220
98569,220
98597,220
98951,220
99212,220
76901,219
91214,217
68624,216
02746,215
04064,215
12010,215
14075,215
16803,215
17004,215
18058,215
18333,215
18954,215
19362,215
25071,215
26234,215
27410,215
29511,215
29671,215
30056,215
37917,215
38650,215
43138,215
43432,215
44047,215
47283,215
48035,215
48059,215
49835,215
60046,215
60155,215
61016,215
61859,215
69361,215
70634,215
75243,215
77035,215
77563,215
78013,215
78223,215
78238,215
82331,215
83118,215
87102,215
90620,215
92262,215
93601,215
94066,215
94536,215
95041,215
95077,215
97520,215
99030,215
68310,213
79015,212
01077,210
01340,210
02740,210
02878,210
03106,210
06851,210
07003,210
07031,210
08062,210
08226,210
10507,210
11694,210
14072,210
15057,210
16001,210
16364,210
16506,210
19057,210
19343,210
19462,210
19522,210
19608,210
20751,210
23518,210
25260,210
26280,210
27023,210
27357,210
27502,210
28092,210
28205,210
29016,210
29486,210
29569,210
30148,210
30559,210
30728,210
30904,210
32060,210
32204,210
32948,210
33036,210
33168,210
33323,210
33871,210
35077,210
35120,210
35565,210
36067,210
36804,210
37224,210
37320,210
37725,210
38019,210
38225,210
40456,210
42104,210
43977,210
44126,210
45005,210
48084,210
48359,210
48838,210
50115,210
52049,210
53959,210
54406,210
56017,210
56320,210
58102,210
58368,210
58542,210
59604,210
60502,210
61614,210
62958,210
63088,210
63109,210
64057,210
64116,210
64118,210
65807,210
69145,210
70070,210
70788,210
71701,210
73010,210
73083,210
74159,210
75159,210
75409,210
75668,210
77449,210
77514,210
77619,210
78111,210
78118,210
79096,210
80003,210
81007,210
81052,210
81526,210
84005,210
85132,210
85354,210
90230,210
91006,210
91739,210
92109,210
92131,210
92227,210
92604,210
93550,210
93552,210
95013,210
95223,210
97060,210
98272,210
99216,210
85139,208.59
85201,208
75119,207.27
28613,206
95683,206
96822,206
03257,205
06614,205
06811,205
11372,205
11427,205
17015,205
25832,205
27560,205
27828,205
28025,205
28269,205
28422,205
30168,205
32762,205
33873,205
33967,205
34235,205
34609,205
34945,205
37082,205
39470,205
44636,205
45068,205
46755,205
46815,205
47909,205
49448,205
49525,205
49601,205
49719,205
49820,205
53119,205
55013,205
55056,205
55963,205
58576,205
60645,205
60654,205
62258,205
64114,205
64138,205
65256,205
66046,205
66067,205
68118,205
68745,205
73135,205
76180,205
76542,205
77328,205
78681,205
79331,205
79930,205
80549,205
81050,205
83201,205
85250,205
85301,205
86426,205
92505,205
92612,205
94515,205
95948,205
97759,205
98023,205
79226,204
38257,203
63072,202
53033,201
94708,201
33767,195
19085,185
88310,180
23111,150
77069,150
92057,150
95658,150
27104,105
32819,100
33114,100
35763,90
26711,55
78731,55
32962,25
95066,21.35
23114,0
30122,0
55126,0
95405,0
58047,-5
29579,-15
28601,-30
79408,-35
87031,-45
19002,-50
29627,-50
43231,-50
88355,-50
60169,-55
47160,-90
76227,-95
00680,-100
00911,-100
02191,-100
02809,-100
15024,-100
20024,-100
22026,-100
22108,-100
30474,-100
48154,-100
48381,-100
54173,-100
60018,-100
97124,-100
77098,-105
89128,-145
76630,-150
29388,-175
21409,-185
32340,-190
29532,-200
20866,-245
07436,-250
62869,-250
98604,-250
53533,-300
76082,-300
77535,-305
29054,-350
17601,-370
63084,-400
21042,-420
10460,-500
44143,-670
48164,-750
97411,-750
62864,-1000
72333,-1000
59714,-2250
77057,-3149.5
NA,-6695
